instrument_origin,instrument_prifix,postfix,instrument_full,instrument_code,postfix1,instrument_simple
"'btcusdt.HBI',",btcusdt,.HUOBI,btcusdt.HUOBI,1,.HBI,1.HBI
"  'ethusdt.HBI',",ethusdt,.HUOBI,ethusdt.HUOBI,2,.HBI,2.HBI
"  'ltcusdt.HBI',",ltcusdt,.HUOBI,ltcusdt.HUOBI,3,.HBI,3.HBI
"  'etcusdt.HBI',",etcusdt,.HUOBI,etcusdt.HUOBI,4,.HBI,4.HBI
"  'bchusdt.HBI',",bchusdt,.HUOBI,bchusdt.HUOBI,5,.HBI,5.HBI
"  'dashusdt.HBI',",dashusdt,.HUOBI,dashusdt.HUOBI,6,.HBI,6.HBI
"  'xrpusdt.HBI',",xrpusdt,.HUOBI,xrpusdt.HUOBI,7,.HBI,7.HBI
"  'itceth.HBI',",itceth,.HUOBI,itceth.HUOBI,8,.HBI,8.HBI
"  'omgusdt.HBI',",omgusdt,.HUOBI,omgusdt.HUOBI,9,.HBI,9.HBI
"  'eosusdt.HBI',",eosusdt,.HUOBI,eosusdt.HUOBI,10,.HBI,10.HBI
"  'zecusdt.HBI',",zecusdt,.HUOBI,zecusdt.HUOBI,11,.HBI,11.HBI
"  'qtumusdt.HBI',",qtumusdt,.HUOBI,qtumusdt.HUOBI,12,.HBI,12.HBI
"  'hcusdt.HBI',",hcusdt,.HUOBI,hcusdt.HUOBI,13,.HBI,13.HBI
"  'sntusdt.HBI',",sntusdt,.HUOBI,sntusdt.HUOBI,14,.HBI,14.HBI
"  'storjusdt.HBI',",storjusdt,.HUOBI,storjusdt.HUOBI,15,.HBI,15.HBI
"  'cvcusdt.HBI',",cvcusdt,.HUOBI,cvcusdt.HUOBI,16,.HBI,16.HBI
"  'iostusdt.HBI',",iostusdt,.HUOBI,iostusdt.HUOBI,17,.HBI,17.HBI
"  'smtusdt.HBI',",smtusdt,.HUOBI,smtusdt.HUOBI,18,.HBI,18.HBI
"  'xemusdt.HBI',",xemusdt,.HUOBI,xemusdt.HUOBI,19,.HBI,19.HBI
"  'thetausdt.HBI',",thetausdt,.HUOBI,thetausdt.HUOBI,20,.HBI,20.HBI
"  'htusdt.HBI',",htusdt,.HUOBI,htusdt.HUOBI,21,.HBI,21.HBI
"  'letusdt.HBI',",letusdt,.HUOBI,letusdt.HUOBI,22,.HBI,22.HBI
"  'dtausdt.HBI',",dtausdt,.HUOBI,dtausdt.HUOBI,23,.HBI,23.HBI
"  'zilusdt.HBI',",zilusdt,.HUOBI,zilusdt.HUOBI,24,.HBI,24.HBI
"  'nasusdt.HBI',",nasusdt,.HUOBI,nasusdt.HUOBI,25,.HBI,25.HBI
"  'itcusdt.HBI',",itcusdt,.HUOBI,itcusdt.HUOBI,26,.HBI,26.HBI
"  'elausdt.HBI',",elausdt,.HUOBI,elausdt.HUOBI,27,.HBI,27.HBI
"  'mdsusdt.HBI',",mdsusdt,.HUOBI,mdsusdt.HUOBI,28,.HBI,28.HBI
"  'trxusdt.HBI',",trxusdt,.HUOBI,trxusdt.HUOBI,29,.HBI,29.HBI
"  'ontusdt.HBI',",ontusdt,.HUOBI,ontusdt.HUOBI,30,.HBI,30.HBI
"  'btsusdt.HBI',",btsusdt,.HUOBI,btsusdt.HUOBI,31,.HBI,31.HBI
"  'adausdt.HBI',",adausdt,.HUOBI,adausdt.HUOBI,32,.HBI,32.HBI
"  'btmusdt.HBI',",btmusdt,.HUOBI,btmusdt.HUOBI,33,.HBI,33.HBI
"  'actusdt.HBI',",actusdt,.HUOBI,actusdt.HUOBI,34,.HBI,34.HBI
"  'ctxcusdt.HBI',",ctxcusdt,.HUOBI,ctxcusdt.HUOBI,35,.HBI,35.HBI
"  'steemusdt.HBI',",steemusdt,.HUOBI,steemusdt.HUOBI,36,.HBI,36.HBI
"  'iotausdt.HBI',",iotausdt,.HUOBI,iotausdt.HUOBI,37,.HBI,37.HBI
"  'socusdt.HBI',",socusdt,.HUOBI,socusdt.HUOBI,38,.HBI,38.HBI
"  'wiccusdt.HBI',",wiccusdt,.HUOBI,wiccusdt.HUOBI,39,.HBI,39.HBI
"  'ocnusdt.HBI',",ocnusdt,.HUOBI,ocnusdt.HUOBI,40,.HBI,40.HBI
"  'bixusdt.HBI',",bixusdt,.HUOBI,bixusdt.HUOBI,41,.HBI,41.HBI
"  'paiusdt.HBI',",paiusdt,.HUOBI,paiusdt.HUOBI,42,.HBI,42.HBI
"  'vetusdt.HBI',",vetusdt,.HUOBI,vetusdt.HUOBI,43,.HBI,43.HBI
"  'xlmusdt.HBI',",xlmusdt,.HUOBI,xlmusdt.HUOBI,44,.HBI,44.HBI
"  'hptusdt.HBI',",hptusdt,.HUOBI,hptusdt.HUOBI,45,.HBI,45.HBI
"  'hitusdt.HBI',",hitusdt,.HUOBI,hitusdt.HUOBI,46,.HBI,46.HBI
"  'xmrusdt.HBI',",xmrusdt,.HUOBI,xmrusdt.HUOBI,47,.HBI,47.HBI
"  'gxcusdt.HBI',",gxcusdt,.HUOBI,gxcusdt.HUOBI,48,.HBI,48.HBI
"  'bsvusdt.HBI',",bsvusdt,.HUOBI,bsvusdt.HUOBI,49,.HBI,49.HBI
"  'nanousdt.HBI',",nanousdt,.HUOBI,nanousdt.HUOBI,50,.HBI,50.HBI
"  'wavesusdt.HBI',",wavesusdt,.HUOBI,wavesusdt.HUOBI,51,.HBI,51.HBI
"  'linkusdt.HBI',",linkusdt,.HUOBI,linkusdt.HUOBI,52,.HBI,52.HBI
"  'zrxusdt.HBI',",zrxusdt,.HUOBI,zrxusdt.HUOBI,53,.HBI,53.HBI
"  'dcrusdt.HBI',",dcrusdt,.HUOBI,dcrusdt.HUOBI,54,.HBI,54.HBI
"  'aeusdt.HBI',",aeusdt,.HUOBI,aeusdt.HUOBI,55,.HBI,55.HBI
"  'bttusdt.HBI',",bttusdt,.HUOBI,bttusdt.HUOBI,56,.HBI,56.HBI
"  'topusdt.HBI',",topusdt,.HUOBI,topusdt.HUOBI,57,.HBI,57.HBI
"  'dogeusdt.HBI',",dogeusdt,.HUOBI,dogeusdt.HUOBI,58,.HBI,58.HBI
"  'lbausdt.HBI',",lbausdt,.HUOBI,lbausdt.HUOBI,59,.HBI,59.HBI
"  'kanusdt.HBI',",kanusdt,.HUOBI,kanusdt.HUOBI,60,.HBI,60.HBI
"  'newusdt.HBI',",newusdt,.HUOBI,newusdt.HUOBI,61,.HBI,61.HBI
"  'irisusdt.HBI',",irisusdt,.HUOBI,irisusdt.HUOBI,62,.HBI,62.HBI
"  'atomusdt.HBI',",atomusdt,.HUOBI,atomusdt.HUOBI,63,.HBI,63.HBI
"  'nulsusdt.HBI',",nulsusdt,.HUOBI,nulsusdt.HUOBI,64,.HBI,64.HBI
"  'ttusdt.HBI',",ttusdt,.HUOBI,ttusdt.HUOBI,65,.HBI,65.HBI
"  'rsrusdt.HBI',",rsrusdt,.HUOBI,rsrusdt.HUOBI,66,.HBI,66.HBI
"  'wtcusdt.HBI',",wtcusdt,.HUOBI,wtcusdt.HUOBI,67,.HBI,67.HBI
"  'nknusdt.HBI',",nknusdt,.HUOBI,nknusdt.HUOBI,68,.HBI,68.HBI
"  'atpusdt.HBI',",atpusdt,.HUOBI,atpusdt.HUOBI,69,.HBI,69.HBI
"  'algousdt.HBI',",algousdt,.HUOBI,algousdt.HUOBI,70,.HBI,70.HBI
"  'skmusdt.HBI',",skmusdt,.HUOBI,skmusdt.HUOBI,71,.HBI,71.HBI
"  'ogousdt.HBI',",ogousdt,.HUOBI,ogousdt.HUOBI,72,.HBI,72.HBI
"  'egtusdt.HBI',",egtusdt,.HUOBI,egtusdt.HUOBI,73,.HBI,73.HBI
"  'crousdt.HBI',",crousdt,.HUOBI,crousdt.HUOBI,74,.HBI,74.HBI
"  'akrousdt.HBI',",akrousdt,.HUOBI,akrousdt.HUOBI,75,.HBI,75.HBI
"  'pvtusdt.HBI',",pvtusdt,.HUOBI,pvtusdt.HUOBI,76,.HBI,76.HBI
"  'cnnsusdt.HBI',",cnnsusdt,.HUOBI,cnnsusdt.HUOBI,77,.HBI,77.HBI
"  'hbcusdt.HBI',",hbcusdt,.HUOBI,hbcusdt.HUOBI,78,.HBI,78.HBI
"  'uipusdt.HBI',",uipusdt,.HUOBI,uipusdt.HUOBI,79,.HBI,79.HBI
"  'vsysusdt.HBI',",vsysusdt,.HUOBI,vsysusdt.HUOBI,80,.HBI,80.HBI
"  'fsnusdt.HBI',",fsnusdt,.HUOBI,fsnusdt.HUOBI,81,.HBI,81.HBI
"  'uuuusdt.HBI',",uuuusdt,.HUOBI,uuuusdt.HUOBI,82,.HBI,82.HBI
"  'fttusdt.HBI',",fttusdt,.HUOBI,fttusdt.HUOBI,83,.HBI,83.HBI
"  'xtzusdt.HBI',",xtzusdt,.HUOBI,xtzusdt.HUOBI,84,.HBI,84.HBI
"  'batusdt.HBI',",batusdt,.HUOBI,batusdt.HUOBI,85,.HBI,85.HBI
"  'manausdt.HBI',",manausdt,.HUOBI,manausdt.HUOBI,86,.HBI,86.HBI
"  'firousdt.HBI',",firousdt,.HUOBI,firousdt.HUOBI,87,.HBI,87.HBI
"  'creusdt.HBI',",creusdt,.HUOBI,creusdt.HUOBI,88,.HBI,88.HBI
"  'ektusdt.HBI',",ektusdt,.HUOBI,ektusdt.HUOBI,89,.HBI,89.HBI
"  'lolusdt.HBI',",lolusdt,.HUOBI,lolusdt.HUOBI,90,.HBI,90.HBI
"  'lxtusdt.HBI',",lxtusdt,.HUOBI,lxtusdt.HUOBI,91,.HBI,91.HBI
"  'wxtusdt.HBI',",wxtusdt,.HUOBI,wxtusdt.HUOBI,92,.HBI,92.HBI
"  'arpausdt.HBI',",arpausdt,.HUOBI,arpausdt.HUOBI,93,.HBI,93.HBI
"  'forusdt.HBI',",forusdt,.HUOBI,forusdt.HUOBI,94,.HBI,94.HBI
"  'vidyusdt.HBI',",vidyusdt,.HUOBI,vidyusdt.HUOBI,95,.HBI,95.HBI
"  'oneusdt.HBI',",oneusdt,.HUOBI,oneusdt.HUOBI,96,.HBI,96.HBI
"  'dockusdt.HBI',",dockusdt,.HUOBI,dockusdt.HUOBI,97,.HBI,97.HBI
"  'seeleusdt.HBI',",seeleusdt,.HUOBI,seeleusdt.HUOBI,98,.HBI,98.HBI
"  'renusdt.HBI',",renusdt,.HUOBI,renusdt.HUOBI,99,.HBI,99.HBI
"  'emusdt.HBI',",emusdt,.HUOBI,emusdt.HUOBI,100,.HBI,100.HBI
"  'mxusdt.HBI',",mxusdt,.HUOBI,mxusdt.HUOBI,101,.HBI,101.HBI
"  'ckbusdt.HBI',",ckbusdt,.HUOBI,ckbusdt.HUOBI,102,.HBI,102.HBI
"  'hiveusdt.HBI',",hiveusdt,.HUOBI,hiveusdt.HUOBI,103,.HBI,103.HBI
"  'ognusdt.HBI',",ognusdt,.HUOBI,ognusdt.HUOBI,104,.HBI,104.HBI
"  'aacusdt.HBI',",aacusdt,.HUOBI,aacusdt.HUOBI,105,.HBI,105.HBI
"  'dacusdt.HBI',",dacusdt,.HUOBI,dacusdt.HUOBI,106,.HBI,106.HBI
"  'kcashusdt.HBI',",kcashusdt,.HUOBI,kcashusdt.HUOBI,107,.HBI,107.HBI
"  'yeeusdt.HBI',",yeeusdt,.HUOBI,yeeusdt.HUOBI,108,.HBI,108.HBI
"  'tnbusdt.HBI',",tnbusdt,.HUOBI,tnbusdt.HUOBI,109,.HBI,109.HBI
"  'rvnusdt.HBI',",rvnusdt,.HUOBI,rvnusdt.HUOBI,110,.HBI,110.HBI
"  'waxpusdt.HBI',",waxpusdt,.HUOBI,waxpusdt.HUOBI,111,.HBI,111.HBI
"  'ksmusdt.HBI',",ksmusdt,.HUOBI,ksmusdt.HUOBI,112,.HBI,112.HBI
"  'lunausdt.HBI',",lunausdt,.HUOBI,lunausdt.HUOBI,113,.HBI,113.HBI
"  'chrusdt.HBI',",chrusdt,.HUOBI,chrusdt.HUOBI,114,.HBI,114.HBI
"  'nestusdt.HBI',",nestusdt,.HUOBI,nestusdt.HUOBI,115,.HBI,115.HBI
"  'balusdt.HBI',",balusdt,.HUOBI,balusdt.HUOBI,116,.HBI,116.HBI
"  'bandusdt.HBI',",bandusdt,.HUOBI,bandusdt.HUOBI,117,.HBI,117.HBI
"  'jstusdt.HBI',",jstusdt,.HUOBI,jstusdt.HUOBI,118,.HBI,118.HBI
"  'antusdt.HBI',",antusdt,.HUOBI,antusdt.HUOBI,119,.HBI,119.HBI
"  'mkrusdt.HBI',",mkrusdt,.HUOBI,mkrusdt.HUOBI,120,.HBI,120.HBI
"  'trbusdt.HBI',",trbusdt,.HUOBI,trbusdt.HUOBI,121,.HBI,121.HBI
"  'astusdt.HBI',",astusdt,.HUOBI,astusdt.HUOBI,122,.HBI,122.HBI
"  'compusdt.HBI',",compusdt,.HUOBI,compusdt.HUOBI,123,.HBI,123.HBI
"  'crvusdt.HBI',",crvusdt,.HUOBI,crvusdt.HUOBI,124,.HBI,124.HBI
"  'wnxmusdt.HBI',",wnxmusdt,.HUOBI,wnxmusdt.HUOBI,125,.HBI,125.HBI
"  'dotusdt.HBI',",dotusdt,.HUOBI,dotusdt.HUOBI,126,.HBI,126.HBI
"  'yfiusdt.HBI',",yfiusdt,.HUOBI,yfiusdt.HUOBI,127,.HBI,127.HBI
"  'yfiiusdt.HBI',",yfiiusdt,.HUOBI,yfiiusdt.HUOBI,128,.HBI,128.HBI
"  'icxusdt.HBI',",icxusdt,.HUOBI,icxusdt.HUOBI,129,.HBI,129.HBI
"  'loomusdt.HBI',",loomusdt,.HUOBI,loomusdt.HUOBI,130,.HBI,130.HBI
"  'blzusdt.HBI',",blzusdt,.HUOBI,blzusdt.HUOBI,131,.HBI,131.HBI
"  'ftiusdt.HBI',",ftiusdt,.HUOBI,ftiusdt.HUOBI,132,.HBI,132.HBI
"  'mlnusdt.HBI',",mlnusdt,.HUOBI,mlnusdt.HUOBI,133,.HBI,133.HBI
"  'swftcusdt.HBI',",swftcusdt,.HUOBI,swftcusdt.HUOBI,134,.HBI,134.HBI
"  'bntusdt.HBI',",bntusdt,.HUOBI,bntusdt.HUOBI,135,.HBI,135.HBI
"  'hotusdt.HBI',",hotusdt,.HUOBI,hotusdt.HUOBI,136,.HBI,136.HBI
"  'mtausdt.HBI',",mtausdt,.HUOBI,mtausdt.HUOBI,137,.HBI,137.HBI
"  'ringusdt.HBI',",ringusdt,.HUOBI,ringusdt.HUOBI,138,.HBI,138.HBI
"  'valueusdt.HBI',",valueusdt,.HUOBI,valueusdt.HUOBI,139,.HBI,139.HBI
"  'gnxusdt.HBI',",gnxusdt,.HUOBI,gnxusdt.HUOBI,140,.HBI,140.HBI
"  'sushiusdt.HBI',",sushiusdt,.HUOBI,sushiusdt.HUOBI,141,.HBI,141.HBI
"  'mxcusdt.HBI',",mxcusdt,.HUOBI,mxcusdt.HUOBI,142,.HBI,142.HBI
"  'ankrusdt.HBI',",ankrusdt,.HUOBI,ankrusdt.HUOBI,143,.HBI,143.HBI
"  'nexousdt.HBI',",nexousdt,.HUOBI,nexousdt.HUOBI,144,.HBI,144.HBI
"  'dkausdt.HBI',",dkausdt,.HUOBI,dkausdt.HUOBI,145,.HBI,145.HBI
"  'xrtusdt.HBI',",xrtusdt,.HUOBI,xrtusdt.HUOBI,146,.HBI,146.HBI
"  'pearlusdt.HBI',",pearlusdt,.HUOBI,pearlusdt.HUOBI,147,.HBI,147.HBI
"  'stptusdt.HBI',",stptusdt,.HUOBI,stptusdt.HUOBI,148,.HBI,148.HBI
"  'achusdt.HBI',",achusdt,.HUOBI,achusdt.HUOBI,149,.HBI,149.HBI
"  'xmxusdt.HBI',",xmxusdt,.HUOBI,xmxusdt.HUOBI,150,.HBI,150.HBI
"  'utkusdt.HBI',",utkusdt,.HUOBI,utkusdt.HUOBI,151,.HBI,151.HBI
"  'cvpusdt.HBI',",cvpusdt,.HUOBI,cvpusdt.HUOBI,152,.HBI,152.HBI
"  'swrvusdt.HBI',",swrvusdt,.HUOBI,swrvusdt.HUOBI,153,.HBI,153.HBI
"  'dfusdt.HBI',",dfusdt,.HUOBI,dfusdt.HUOBI,154,.HBI,154.HBI
"  'sandusdt.HBI',",sandusdt,.HUOBI,sandusdt.HUOBI,155,.HBI,155.HBI
"  'phausdt.HBI',",phausdt,.HUOBI,phausdt.HUOBI,156,.HBI,156.HBI
"  'lrcusdt.HBI',",lrcusdt,.HUOBI,lrcusdt.HUOBI,157,.HBI,157.HBI
"  'umausdt.HBI',",umausdt,.HUOBI,umausdt.HUOBI,158,.HBI,158.HBI
"  'gofusdt.HBI',",gofusdt,.HUOBI,gofusdt.HUOBI,159,.HBI,159.HBI
"  'frontusdt.HBI',",frontusdt,.HUOBI,frontusdt.HUOBI,160,.HBI,160.HBI
"  'dhtusdt.HBI',",dhtusdt,.HUOBI,dhtusdt.HUOBI,161,.HBI,161.HBI
"  'uniusdt.HBI',",uniusdt,.HUOBI,uniusdt.HUOBI,162,.HBI,162.HBI
"  'nbsusdt.HBI',",nbsusdt,.HUOBI,nbsusdt.HUOBI,163,.HBI,163.HBI
"  'cruusdt.HBI',",cruusdt,.HUOBI,cruusdt.HUOBI,164,.HBI,164.HBI
"  'avaxusdt.HBI',",avaxusdt,.HUOBI,avaxusdt.HUOBI,165,.HBI,165.HBI
"  'titanusdt.HBI',",titanusdt,.HUOBI,titanusdt.HUOBI,166,.HBI,166.HBI
"  'arusdt.HBI',",arusdt,.HUOBI,arusdt.HUOBI,167,.HBI,167.HBI
"  'chzusdt.HBI',",chzusdt,.HUOBI,chzusdt.HUOBI,168,.HBI,168.HBI
"  'aaveusdt.HBI',",aaveusdt,.HUOBI,aaveusdt.HUOBI,169,.HBI,169.HBI
"  'nearusdt.HBI',",nearusdt,.HUOBI,nearusdt.HUOBI,170,.HBI,170.HBI
"  'filusdt.HBI',",filusdt,.HUOBI,filusdt.HUOBI,171,.HBI,171.HBI
"  'woousdt.HBI',",woousdt,.HUOBI,woousdt.HUOBI,172,.HBI,172.HBI
"  'hbarusdt.HBI',",hbarusdt,.HUOBI,hbarusdt.HUOBI,173,.HBI,173.HBI
"  'fisusdt.HBI',",fisusdt,.HUOBI,fisusdt.HUOBI,174,.HBI,174.HBI
"  'kavausdt.HBI',",kavausdt,.HUOBI,kavausdt.HUOBI,175,.HBI,175.HBI
"  'sklusdt.HBI',",sklusdt,.HUOBI,sklusdt.HUOBI,176,.HBI,176.HBI
"  'solusdt.HBI',",solusdt,.HUOBI,solusdt.HUOBI,177,.HBI,177.HBI
"  'nsureusdt.HBI',",nsureusdt,.HUOBI,nsureusdt.HUOBI,178,.HBI,178.HBI
"  'bethusdt.HBI',",bethusdt,.HUOBI,bethusdt.HUOBI,179,.HBI,179.HBI
"  'nhbtcusdt.HBI',",nhbtcusdt,.HUOBI,nhbtcusdt.HUOBI,180,.HBI,180.HBI
"  'grtusdt.HBI',",grtusdt,.HUOBI,grtusdt.HUOBI,181,.HBI,181.HBI
"  'oxtusdt.HBI',",oxtusdt,.HUOBI,oxtusdt.HUOBI,182,.HBI,182.HBI
"  'api3usdt.HBI',",api3usdt,.HUOBI,api3usdt.HUOBI,183,.HBI,183.HBI
"  'pondusdt.HBI',",pondusdt,.HUOBI,pondusdt.HUOBI,184,.HBI,184.HBI
"  '1inchusdt.HBI',",1inchusdt,.HUOBI,1inchusdt.HUOBI,185,.HBI,185.HBI
"  'linausdt.HBI',",linausdt,.HUOBI,linausdt.HUOBI,186,.HBI,186.HBI
"  'maticusdt.HBI',",maticusdt,.HUOBI,maticusdt.HUOBI,187,.HBI,187.HBI
"  'bagsusdt.HBI',",bagsusdt,.HUOBI,bagsusdt.HUOBI,188,.HBI,188.HBI
"  'polsusdt.HBI',",polsusdt,.HUOBI,polsusdt.HUOBI,189,.HBI,189.HBI
"  'injusdt.HBI',",injusdt,.HUOBI,injusdt.HUOBI,190,.HBI,190.HBI
"  'badgerusdt.HBI',",badgerusdt,.HUOBI,badgerusdt.HUOBI,191,.HBI,191.HBI
"  'massusdt.HBI',",massusdt,.HUOBI,massusdt.HUOBI,192,.HBI,192.HBI
"  'zenusdt.HBI',",zenusdt,.HUOBI,zenusdt.HUOBI,193,.HBI,193.HBI
"  'mdxusdt.HBI',",mdxusdt,.HUOBI,mdxusdt.HUOBI,194,.HBI,194.HBI
"  'iotxusdt.HBI',",iotxusdt,.HUOBI,iotxusdt.HUOBI,195,.HBI,195.HBI
"  'flowusdt.HBI',",flowusdt,.HUOBI,flowusdt.HUOBI,196,.HBI,196.HBI
"  'auctionusdt.HBI',",auctionusdt,.HUOBI,auctionusdt.HUOBI,197,.HBI,197.HBI
"  'paxusdt.HBI',",paxusdt,.HUOBI,paxusdt.HUOBI,198,.HBI,198.HBI
"  'yamusdt.HBI',",yamusdt,.HUOBI,yamusdt.HUOBI,199,.HBI,199.HBI
"  'zksusdt.HBI',",zksusdt,.HUOBI,zksusdt.HUOBI,200,.HBI,200.HBI
"  'maskusdt.HBI',",maskusdt,.HUOBI,maskusdt.HUOBI,201,.HBI,201.HBI
"  'enjusdt.HBI',",enjusdt,.HUOBI,enjusdt.HUOBI,202,.HBI,202.HBI
"  'rndrusdt.HBI',",rndrusdt,.HUOBI,rndrusdt.HUOBI,203,.HBI,203.HBI
"  'axsusdt.HBI',",axsusdt,.HUOBI,axsusdt.HUOBI,204,.HBI,204.HBI
"  'stnusdt.HBI',",stnusdt,.HUOBI,stnusdt.HUOBI,205,.HBI,205.HBI
"  'insurusdt.HBI',",insurusdt,.HUOBI,insurusdt.HUOBI,206,.HBI,206.HBI
"  'fildausdt.HBI',",fildausdt,.HUOBI,fildausdt.HUOBI,207,.HBI,207.HBI
"  'raiusdt.HBI',",raiusdt,.HUOBI,raiusdt.HUOBI,208,.HBI,208.HBI
"  'scusdt.HBI',",scusdt,.HUOBI,scusdt.HUOBI,209,.HBI,209.HBI
"  'mirusdt.HBI',",mirusdt,.HUOBI,mirusdt.HUOBI,210,.HBI,210.HBI
"  'stakeusdt.HBI',",stakeusdt,.HUOBI,stakeusdt.HUOBI,211,.HBI,211.HBI
"  'canusdt.HBI',",canusdt,.HUOBI,canusdt.HUOBI,212,.HBI,212.HBI
"  'apnusdt.HBI',",apnusdt,.HUOBI,apnusdt.HUOBI,213,.HBI,213.HBI
"  'forthusdt.HBI',",forthusdt,.HUOBI,forthusdt.HUOBI,214,.HBI,214.HBI
"  'nuusdt.HBI',",nuusdt,.HUOBI,nuusdt.HUOBI,215,.HBI,215.HBI
"  'rlcusdt.HBI',",rlcusdt,.HUOBI,rlcusdt.HUOBI,216,.HBI,216.HBI
"  'ctsiusdt.HBI',",ctsiusdt,.HUOBI,ctsiusdt.HUOBI,217,.HBI,217.HBI
"  'lhbusdt.HBI',",lhbusdt,.HUOBI,lhbusdt.HUOBI,218,.HBI,218.HBI
"  'shibusdt.HBI',",shibusdt,.HUOBI,shibusdt.HUOBI,219,.HBI,219.HBI
"  'wbtcusdt.HBI',",wbtcusdt,.HUOBI,wbtcusdt.HUOBI,220,.HBI,220.HBI
"  'icpusdt.HBI',",icpusdt,.HUOBI,icpusdt.HUOBI,221,.HBI,221.HBI
"  'csprusdt.HBI',",csprusdt,.HUOBI,csprusdt.HUOBI,222,.HBI,222.HBI
"  'latusdt.HBI',",latusdt,.HUOBI,latusdt.HUOBI,223,.HBI,223.HBI
"  'o3usdt.HBI',",o3usdt,.HUOBI,o3usdt.HUOBI,224,.HBI,224.HBI
"  'xchusdt.HBI',",xchusdt,.HUOBI,xchusdt.HUOBI,225,.HBI,225.HBI
"  'nftusdt.HBI',",nftusdt,.HUOBI,nftusdt.HUOBI,226,.HBI,226.HBI
"  'sunusdt.HBI',",sunusdt,.HUOBI,sunusdt.HUOBI,227,.HBI,227.HBI
  'boringusdt.HBI',boringusdt,.HUOBI,boringusdt.HUOBI,228,.HBI,228.HBI
